,lower_CI2.5_pearson,median_CI50_pearson,upper_CI97.5_pearson,lower_CI2.5_spearman,median_CI50_spearman,upper_CI97.5_spearman,lower_CI2.5_model-r2,median_CI50_model-r2,upper_CI97.5_model-r2,lower_CI2.5_model-r2adj,median_CI50_model-r2adj,upper_CI97.5_model-r2adj,lower_CI2.5_model-aic,median_CI50_model-aic,upper_CI97.5_model-aic,lower_CI2.5_model-bic,median_CI50_model-bic,upper_CI97.5_model-bic,predictors,demean_x,demean_y,permute,n_splits,n_train_items,n_test_items
baseline_human_low_freq_bin,0.4189255650557119,0.48498850294348267,0.5457078336834621,0.40252983960935224,0.46961270536061245,0.5375213841963739,0.1777760542075106,0.23654473371526868,0.3022448678654734,0.17319541941200933,0.23229150103401675,0.29835765264466835,-1123.3877436596665,-1068.1989886534932,-1017.0434633969558,-1115.6099877430008,-1060.4212327368275,-1009.26570748029,"['num_meanings_human', 'num_synonyms_human']",True,True,False,1000,361,361
baseline_human_medium_freq_bin,0.49990560353817615,0.5656160859502726,0.6193236701149585,0.5000511598671565,0.5666755115852296,0.6224659287697797,0.2532894397942644,0.3221316674942048,0.38462254688286135,0.24912949238364757,0.31835524224347617,0.3811942602359693,-1084.1305647376028,-1031.2019537306576,-979.6565889854911,-1076.352808820937,-1023.4241978139918,-971.8788330688253,"['num_meanings_human', 'num_synonyms_human']",True,True,False,1000,361,360
baseline_human_high_freq_bin,0.5648118350667262,0.6151921398787844,0.6651322519803221,0.5554108480404458,0.6055231970395483,0.654996644757175,0.3190809740521189,0.38380632221077404,0.44773163768294794,0.3152875532947491,0.3803734883512241,0.44465493371460785,-1067.3332642942808,-1010.6883650316753,-959.2694899107529,-1059.555508377615,-1002.9106091150095,-951.4917339940871,"['num_meanings_human', 'num_synonyms_human']",True,True,False,1000,361,361
