,lower_CI2.5_pearson,median_CI50_pearson,upper_CI97.5_pearson,lower_CI2.5_spearman,median_CI50_spearman,upper_CI97.5_spearman,lower_CI2.5_model-r2,median_CI50_model-r2,upper_CI97.5_model-r2,lower_CI2.5_model-r2adj,median_CI50_model-r2adj,upper_CI97.5_model-r2adj,lower_CI2.5_model-aic,median_CI50_model-aic,upper_CI97.5_model-aic,lower_CI2.5_model-bic,median_CI50_model-bic,upper_CI97.5_model-bic,predictors,demean_x,demean_y,permute,n_splits,n_train_items,n_test_items
phon_neighborhood,-0.06771128493952572,-0.008566626270048427,0.044306794363439164,-0.06437381623307988,-0.011986847722054075,0.035157874961960246,8.625494067077133e-07,0.0004991458719648678,0.004695661256819611,-0.0011632808003610828,-0.0006644174040864037,0.003536983330459689,-2116.144996172893,-2022.590186753347,-1935.5692343360386,-2111.3880637836455,-2017.8332543640995,-1930.812301946791,['log_phonological_neighborhood_size'],True,True,False,1000,860,860
