,lower_CI2.5_spearman,median_CI50_spearman,upper_CI97.5_spearman
0,0.63040710965257,0.6500160247116096,0.6683259060080984
