,lower_CI2.5_pearson,median_CI50_pearson,upper_CI97.5_pearson,lower_CI2.5_spearman,median_CI50_spearman,upper_CI97.5_spearman,lower_CI2.5_model-r2,median_CI50_model-r2,upper_CI97.5_model-r2,lower_CI2.5_model-r2adj,median_CI50_model-r2adj,upper_CI97.5_model-r2adj,lower_CI2.5_model-aic,median_CI50_model-aic,upper_CI97.5_model-aic,lower_CI2.5_model-bic,median_CI50_model-bic,upper_CI97.5_model-bic,predictors,demean_x,demean_y,permute,n_splits,n_train_items,n_test_items
baseline_human_low_freq_bin,0.37011876716632325,0.4397730443928113,0.5072292288847635,0.38540632399486435,0.45616081453192525,0.5251146555742587,0.13839126612505243,0.19824905695266465,0.25853991587532016,0.13346778764576697,0.1936676229923941,0.25430300110889337,-1068.2387353948852,-1019.3083513447107,-964.2271997337791,-1060.511473043689,-1011.5810889935145,-956.499937382583,"['num_meanings_human', 'num_synonyms_human']",True,True,False,1000,352,351
baseline_human_medium_freq_bin,0.3758001149570399,0.44806382337837203,0.512007723557329,0.37355210043296116,0.45017702258014747,0.5193569218203201,0.14688268133075366,0.20282951370705216,0.26796468220368486,0.14200772522407215,0.1982742537853781,0.26378162324484866,-1047.0457544421483,-995.0050420382812,-941.296137932117,-1039.318492090952,-987.2777796870851,-933.5688755809208,"['num_meanings_human', 'num_synonyms_human']",True,True,False,1000,352,351
baseline_human_high_freq_bin,0.4309693999639316,0.496739875880424,0.5553650796577888,0.44377235230413553,0.514999808846063,0.575744851114303,0.18820349017686788,0.25042286341769343,0.3118389885174592,0.18356465297787844,0.2461395654943659,0.3079066398804161,-1044.6889768738197,-986.7000509519291,-937.1981324145562,-1036.9617145226234,-978.972788600733,-929.47087006336,"['num_meanings_human', 'num_synonyms_human']",True,True,False,1000,352,351
