,lower_CI2.5_pearson,median_CI50_pearson,upper_CI97.5_pearson,lower_CI2.5_spearman,median_CI50_spearman,upper_CI97.5_spearman,lower_CI2.5_model-r2,median_CI50_model-r2,upper_CI97.5_model-r2,lower_CI2.5_model-r2adj,median_CI50_model-r2adj,upper_CI97.5_model-r2adj,lower_CI2.5_model-aic,median_CI50_model-aic,upper_CI97.5_model-aic,lower_CI2.5_model-bic,median_CI50_model-bic,upper_CI97.5_model-bic,predictors,demean_x,demean_y,permute,n_splits,n_train_items,n_test_items
baseline_human_low_freq_bin,0.27323912974362974,0.3413242768775434,0.4149247690389006,0.29840960959042995,0.367552226672485,0.4423715047143183,0.07670856037568503,0.12423355855489426,0.17529659096368258,0.07143260929211745,0.11922917888949364,0.1705840000549036,-1069.7388604396342,-1019.0354529510116,-968.4771929838479,-1062.011598088438,-1011.3081905998155,-960.7499306326517,"['num_meanings_human', 'num_synonyms_human']",True,True,False,1000,352,351
baseline_human_medium_freq_bin,0.3862904135947473,0.4543038964295505,0.5207409255398475,0.3944456988604267,0.4651520937557221,0.5355936273758285,0.1563342549852034,0.20962414763957538,0.2716167913758384,0.15151330787083314,0.20510771419751578,0.2674546016122717,-1089.3573430454094,-1037.124680524203,-984.7441679533022,-1081.6300806942131,-1029.3974181730068,-977.016905602106,"['num_meanings_human', 'num_synonyms_human']",True,True,False,1000,352,351
baseline_human_high_freq_bin,0.4812587500765689,0.5441346593724906,0.6035179269223627,0.4734056592184228,0.5401173190743043,0.6017717589063142,0.2361693691862325,0.2976068249891654,0.36361219821753565,0.2318046227244395,0.2935931497033892,0.35997569649306443,-1067.659574030829,-1014.4971171211873,-962.3540595089884,-1059.9323116796327,-1006.7698547699912,-954.6267971577922,"['num_meanings_human', 'num_synonyms_human']",True,True,False,1000,352,351
