,lower_CI2.5_pearson,median_CI50_pearson,upper_CI97.5_pearson,lower_CI2.5_spearman,median_CI50_spearman,upper_CI97.5_spearman,lower_CI2.5_model-r2,median_CI50_model-r2,upper_CI97.5_model-r2,lower_CI2.5_model-r2adj,median_CI50_model-r2adj,upper_CI97.5_model-r2adj,lower_CI2.5_model-aic,median_CI50_model-aic,upper_CI97.5_model-aic,lower_CI2.5_model-bic,median_CI50_model-bic,upper_CI97.5_model-bic,predictors,demean_x,demean_y,permute,n_splits,n_train_items,n_test_items
meanings_human,0.302384900903121,0.34407113709693904,0.3871207664284004,0.3667248705104275,0.4053938896255084,0.44847366656624865,0.09069246654761826,0.1193136250991399,0.14905695716531525,0.08985207141503763,0.11849968205394507,0.14827050333644776,-2830.7920892091843,-2723.224121577218,-2617.5151958741726,-2825.8045989621833,-2718.236631330217,-2612.5277056271716,['num_meanings_human'],True,True,False,1000,1083,1082
synonyms_human,0.5586342747300558,0.5931423577384252,0.6277858898686114,0.5457978787119516,0.582671140078668,0.6210391367247171,0.3123941108193524,0.350736688132423,0.3901035239084421,0.31175861554284545,0.3501366296186822,0.3895398487919066,-3155.490711067725,-3054.5804227404233,-2947.3759403057043,-3150.503220820724,-3049.5929324934223,-2942.3884500587033,['num_synonyms_human'],True,True,False,1000,1083,1082
baseline_human,0.5600970875354022,0.5943843485450439,0.6301339129232305,0.5522904446334129,0.5888667851479542,0.6267753679717374,0.3146725766489677,0.3536412661898031,0.3942873223910207,0.31340462581945605,0.35244541284325326,0.39316666988850635,-3159.5843685267037,-3058.756957428669,-2950.2431823079714,-3149.6093880327016,-3048.781976934667,-2940.2682018139694,"['num_meanings_human', 'num_synonyms_human']",True,True,False,1000,1083,1082
google_ngram,0.2943135028354663,0.3398711318502158,0.38249916572035614,0.2806492243320686,0.3269750255764229,0.3700443598297749,0.08817354086070908,0.11575414763607828,0.14299428968114267,0.0873308177006914,0.11493691487049246,0.1422022326475763,-2824.2676964013103,-2718.3243431764163,-2617.052499065091,-2819.2802061543093,-2713.3368529294153,-2612.06500881809,['google_ngram_frequency'],True,True,False,1000,1083,1082
