,lower_CI2.5_pearson,median_CI50_pearson,upper_CI97.5_pearson,lower_CI2.5_spearman,median_CI50_spearman,upper_CI97.5_spearman,lower_CI2.5_model-r2,median_CI50_model-r2,upper_CI97.5_model-r2,lower_CI2.5_model-r2adj,median_CI50_model-r2adj,upper_CI97.5_model-r2adj,lower_CI2.5_model-aic,median_CI50_model-aic,upper_CI97.5_model-aic,lower_CI2.5_model-bic,median_CI50_model-bic,upper_CI97.5_model-bic,predictors,demean_x,demean_y,permute,n_splits,n_train_items,n_test_items
baseline_human,0.5600970875354022,0.5943843485450439,0.6301339129232305,0.5522904446334129,0.5888667851479542,0.6267753679717374,0.3146725766489677,0.3536412661898031,0.3942873223910207,0.31340462581945605,0.35244541284325326,0.39316666988850635,-3159.5843685267037,-3058.756957428669,-2950.2431823079714,-3149.6093880327016,-3048.781976934667,-2940.2682018139694,"['num_meanings_human', 'num_synonyms_human']",True,True,False,1000,1083,1082
