,lower_CI2.5_pearson,median_CI50_pearson,upper_CI97.5_pearson,lower_CI2.5_spearman,median_CI50_spearman,upper_CI97.5_spearman,lower_CI2.5_model-r2,median_CI50_model-r2,upper_CI97.5_model-r2,lower_CI2.5_model-r2adj,median_CI50_model-r2adj,upper_CI97.5_model-r2adj,lower_CI2.5_model-aic,median_CI50_model-aic,upper_CI97.5_model-aic,lower_CI2.5_model-bic,median_CI50_model-bic,upper_CI97.5_model-bic,predictors,demean_x,demean_y,permute,n_splits,n_train_items,n_test_items
meanings_human,0.302384900903121,0.34407113709693904,0.3871207664284004,0.3667248705104275,0.4053938896255084,0.44847366656624865,0.09069246654761826,0.1193136250991399,0.14905695716531525,0.08985207141503763,0.11849968205394507,0.14827050333644776,-2830.7920892091843,-2723.224121577218,-2617.5151958741726,-2825.8045989621833,-2718.236631330217,-2612.5277056271716,['num_meanings_human'],True,True,False,1000,1083,1082
