,lower_CI2.5_pearson,median_CI50_pearson,upper_CI97.5_pearson,lower_CI2.5_spearman,median_CI50_spearman,upper_CI97.5_spearman,lower_CI2.5_model-r2,median_CI50_model-r2,upper_CI97.5_model-r2,lower_CI2.5_model-r2adj,median_CI50_model-r2adj,upper_CI97.5_model-r2adj,lower_CI2.5_model-aic,median_CI50_model-aic,upper_CI97.5_model-aic,lower_CI2.5_model-bic,median_CI50_model-bic,upper_CI97.5_model-bic,predictors,demean_x,demean_y,permute,n_splits,n_train_items,n_test_items
google_ngram,0.2943135028354663,0.3398711318502158,0.38249916572035614,0.2806492243320686,0.3269750255764229,0.3700443598297749,0.08817354086070908,0.11575414763607828,0.14299428968114267,0.0873308177006914,0.11493691487049246,0.1422022326475763,-2824.2676964013103,-2718.3243431764163,-2617.052499065091,-2819.2802061543093,-2713.3368529294153,-2612.06500881809,['google_ngram_frequency'],True,True,False,1000,1083,1082
