,lower_CI2.5_pearson,median_CI50_pearson,upper_CI97.5_pearson,lower_CI2.5_spearman,median_CI50_spearman,upper_CI97.5_spearman,lower_CI2.5_model-r2,median_CI50_model-r2,upper_CI97.5_model-r2,lower_CI2.5_model-r2adj,median_CI50_model-r2adj,upper_CI97.5_model-r2adj,lower_CI2.5_model-aic,median_CI50_model-aic,upper_CI97.5_model-aic,lower_CI2.5_model-bic,median_CI50_model-bic,upper_CI97.5_model-bic,predictors,demean_x,demean_y,permute,n_splits,n_train_items,n_test_items
synonyms_human,0.5586342747300558,0.5931423577384252,0.6277858898686114,0.5457978787119516,0.582671140078668,0.6210391367247171,0.3123941108193524,0.350736688132423,0.3901035239084421,0.31175861554284545,0.3501366296186822,0.3895398487919066,-3155.490711067725,-3054.5804227404233,-2947.3759403057043,-3150.503220820724,-3049.5929324934223,-2942.3884500587033,['num_synonyms_human'],True,True,False,1000,1083,1082
