,lower_CI2.5_spearman,median_CI50_spearman,upper_CI97.5_spearman
0,0.5612256381741763,0.5819408580377852,0.6047539489427021
