,lower_CI2.5_pearson,median_CI50_pearson,upper_CI97.5_pearson,lower_CI2.5_spearman,median_CI50_spearman,upper_CI97.5_spearman,lower_CI2.5_model-r2,median_CI50_model-r2,upper_CI97.5_model-r2,lower_CI2.5_model-r2adj,median_CI50_model-r2adj,upper_CI97.5_model-r2adj,lower_CI2.5_model-aic,median_CI50_model-aic,upper_CI97.5_model-aic,lower_CI2.5_model-bic,median_CI50_model-bic,upper_CI97.5_model-bic,predictors,demean_x,demean_y,permute,n_splits,n_train_items,n_test_items
docfreq,0.19250342990939007,0.24869075204947888,0.30595305404435497,0.18673347051638428,0.24178595564922345,0.30172813017320066,0.03767199777126586,0.062372564319687185,0.09499915041697919,0.0362609596448308,0.06099774403276592,0.09367216969911556,-1911.9755802229483,-1835.992086874543,-1758.4302522885096,-1907.4490853633774,-1831.4655920149721,-1753.9037574289387,['log_document_frequency'],True,True,False,1000,683,683
