,lower_CI2.5_pearson,median_CI50_pearson,upper_CI97.5_pearson,lower_CI2.5_spearman,median_CI50_spearman,upper_CI97.5_spearman,lower_CI2.5_model-r2,median_CI50_model-r2,upper_CI97.5_model-r2,lower_CI2.5_model-r2adj,median_CI50_model-r2adj,upper_CI97.5_model-r2adj,lower_CI2.5_model-aic,median_CI50_model-aic,upper_CI97.5_model-aic,lower_CI2.5_model-bic,median_CI50_model-bic,upper_CI97.5_model-bic,predictors,demean_x,demean_y,permute,n_splits,n_train_items,n_test_items
baseline_corpus,0.23404936376373506,0.2779415374795684,0.31689326246785177,0.2979057733801596,0.3460264551421345,0.39221063741500745,0.05864288829404051,0.08004852941968038,0.10385361166165845,0.05685493556525427,0.07830123317926191,0.10215152925265873,-2917.546262774494,-2814.862527784341,-2698.68126303715,-2907.623670682674,-2804.939935692521,-2688.75867094533,"['num_meanings_wordnet', 'num_synonyms_wordnet']",True,True,False,1000,1055,1054
