,lower_CI2.5_pearson,median_CI50_pearson,upper_CI97.5_pearson,lower_CI2.5_spearman,median_CI50_spearman,upper_CI97.5_spearman,lower_CI2.5_model-r2,median_CI50_model-r2,upper_CI97.5_model-r2,lower_CI2.5_model-r2adj,median_CI50_model-r2adj,upper_CI97.5_model-r2adj,lower_CI2.5_model-aic,median_CI50_model-aic,upper_CI97.5_model-aic,lower_CI2.5_model-bic,median_CI50_model-bic,upper_CI97.5_model-bic,predictors,demean_x,demean_y,permute,n_splits,n_train_items,n_test_items
topicvar,0.39405532070924604,0.44488435046299823,0.49653450876466865,0.3968448701128909,0.44817772585784765,0.4991566899647083,0.1552297537552445,0.1963639468466407,0.2432796930543477,0.1539910877050322,0.1951855948625449,0.24217013248697872,-2018.9460776737758,-1943.123369307163,-1864.4776073826458,-2014.419582814205,-1938.5968744475922,-1859.951112523075,['log_topic_variability'],True,True,False,1000,683,683
