,lower_CI2.5_pearson,median_CI50_pearson,upper_CI97.5_pearson,lower_CI2.5_spearman,median_CI50_spearman,upper_CI97.5_spearman,lower_CI2.5_model-r2,median_CI50_model-r2,upper_CI97.5_model-r2,lower_CI2.5_model-r2adj,median_CI50_model-r2adj,upper_CI97.5_model-r2adj,lower_CI2.5_model-aic,median_CI50_model-aic,upper_CI97.5_model-aic,lower_CI2.5_model-bic,median_CI50_model-bic,upper_CI97.5_model-bic,predictors,demean_x,demean_y,permute,n_splits,n_train_items,n_test_items
meanings_wordnet,0.2336726770188361,0.2773493005780202,0.3170985269764936,0.30332799834087126,0.34683596467072225,0.39178658845203196,0.05579465243059234,0.0774408328180648,0.09995657727895639,0.0548988219300521,0.07656553949056766,0.09910264613785484,-2917.362522600822,-2813.9548753327267,-2698.51258266747,-2912.401226554912,-2808.9935792868164,-2693.5512866215595,['num_meanings_wordnet'],True,True,False,1000,1055,1054
