,lower_CI2.5_pearson,median_CI50_pearson,upper_CI97.5_pearson,lower_CI2.5_spearman,median_CI50_spearman,upper_CI97.5_spearman,lower_CI2.5_model-r2,median_CI50_model-r2,upper_CI97.5_model-r2,lower_CI2.5_model-r2adj,median_CI50_model-r2adj,upper_CI97.5_model-r2adj,lower_CI2.5_model-aic,median_CI50_model-aic,upper_CI97.5_model-aic,lower_CI2.5_model-bic,median_CI50_model-bic,upper_CI97.5_model-bic,predictors,demean_x,demean_y,permute,n_splits,n_train_items,n_test_items
synonyms_human,0.42106184984753353,0.46249053913558347,0.49924299375281544,0.4372058264017053,0.4785293351470813,0.5161184700000572,0.17843473545862565,0.2138555892106167,0.25210642466114186,0.1776552617731025,0.21310972164819791,0.25139684821395136,-3090.24367141315,-2981.195150221318,-2876.5408229459867,-3085.2823753672396,-2976.2338541754075,-2871.5795269000764,['num_synonyms_human'],True,True,False,1000,1055,1054
