,lower_CI2.5_pearson,median_CI50_pearson,upper_CI97.5_pearson,lower_CI2.5_spearman,median_CI50_spearman,upper_CI97.5_spearman,lower_CI2.5_model-r2,median_CI50_model-r2,upper_CI97.5_model-r2,lower_CI2.5_model-r2adj,median_CI50_model-r2adj,upper_CI97.5_model-r2adj,lower_CI2.5_model-aic,median_CI50_model-aic,upper_CI97.5_model-aic,lower_CI2.5_model-bic,median_CI50_model-bic,upper_CI97.5_model-bic,predictors,demean_x,demean_y,permute,n_splits,n_train_items,n_test_items
synonyms_wordnet,0.2249626127643242,0.26954966904886596,0.30957657642040326,0.2908340750263603,0.332667164262616,0.37687432146674327,0.05292393278726329,0.07310085679164624,0.09631756849385616,0.05202537864379764,0.07222144583983559,0.09546018478274973,-2915.3339992778697,-2810.077700130807,-2693.550015798488,-2910.3727032319593,-2805.1164040848967,-2688.5887197525776,['num_synonyms_wordnet'],True,True,False,1000,1055,1054
