,lower_CI2.5_pearson,median_CI50_pearson,upper_CI97.5_pearson,lower_CI2.5_spearman,median_CI50_spearman,upper_CI97.5_spearman,lower_CI2.5_model-r2,median_CI50_model-r2,upper_CI97.5_model-r2,lower_CI2.5_model-r2adj,median_CI50_model-r2adj,upper_CI97.5_model-r2adj,lower_CI2.5_model-aic,median_CI50_model-aic,upper_CI97.5_model-aic,lower_CI2.5_model-bic,median_CI50_model-bic,upper_CI97.5_model-bic,predictors,demean_x,demean_y,permute,n_splits,n_train_items,n_test_items
baseline_human,0.42751964018157623,0.46703007863508383,0.5030223776648552,0.4406657731615069,0.48136077931976,0.518748918173827,0.18624825600706857,0.22001693901055952,0.25692606481084945,0.18470266864905727,0.2185354897019376,0.255514718305267,-3097.7433616514804,-2987.8136052824884,-2880.660273242164,-3087.82076955966,-2977.891013190668,-2870.7376811503436,"['num_meanings_human', 'num_synonyms_human']",True,True,False,1000,1055,1054
