,lower_CI2.5_pearson,median_CI50_pearson,upper_CI97.5_pearson,lower_CI2.5_spearman,median_CI50_spearman,upper_CI97.5_spearman,lower_CI2.5_model-r2,median_CI50_model-r2,upper_CI97.5_model-r2,lower_CI2.5_model-r2adj,median_CI50_model-r2adj,upper_CI97.5_model-r2adj,lower_CI2.5_model-aic,median_CI50_model-aic,upper_CI97.5_model-aic,lower_CI2.5_model-bic,median_CI50_model-bic,upper_CI97.5_model-bic,predictors,demean_x,demean_y,permute,n_splits,n_train_items,n_test_items
meanings_human,0.15972141819033495,0.20661841797120217,0.251627947426734,0.19441811941671452,0.24329316274750024,0.29025111846351387,0.026321164525814577,0.04328551010921622,0.06440232774031189,0.025397370564264107,0.04237781135220409,0.06351466391463853,-2882.078349083891,-2777.2529180453726,-2656.263916353546,-2877.117053037981,-2772.291621999462,-2651.3026203076356,['num_meanings_human'],True,True,False,1000,1055,1054
