,lower_CI2.5_pearson,median_CI50_pearson,upper_CI97.5_pearson,lower_CI2.5_spearman,median_CI50_spearman,upper_CI97.5_spearman,lower_CI2.5_model-r2,median_CI50_model-r2,upper_CI97.5_model-r2,lower_CI2.5_model-r2adj,median_CI50_model-r2adj,upper_CI97.5_model-r2adj,lower_CI2.5_model-aic,median_CI50_model-aic,upper_CI97.5_model-aic,lower_CI2.5_model-bic,median_CI50_model-bic,upper_CI97.5_model-bic,predictors,demean_x,demean_y,permute,n_splits,n_train_items,n_test_items
orth_neighborhood,0.0035577086518782212,0.05772833501225629,0.10632539083070291,0.020138898560346633,0.07662584847064442,0.12632268310376307,0.00010217305212862349,0.0033902520388133794,0.011829693131960339,-0.0009660938570037914,0.002325498034581319,0.010773955624622725,-2538.1918864244817,-2438.136703899693,-2343.560359877852,-2533.3492031422434,-2433.294020617455,-2338.7176765956137,['log_orthographic_neighborhood_size'],True,True,False,1000,937,936
phon_neighborhood,-0.07031803543263666,0.04521269258005657,0.09635210306059824,-0.08923334685758687,0.06624474514286167,0.11810703071424936,4.1211938363464055e-05,0.002540235681004588,0.010653053052485881,-0.001027120100163903,0.0014745735396381465,0.009596058451046233,-2537.233307399669,-2437.7433622709436,-2343.25316053478,-2532.3906241174304,-2432.9006789887053,-2338.4104772525416,['log_phonological_neighborhood_size'],True,True,False,1000,937,936
baseline_human_no_nans_orth_phon,0.42140306895644963,0.4619523633348441,0.5035912830115621,0.4316394775525957,0.4733218230332473,0.5175800919904552,0.17691882963654124,0.21491428806684115,0.25275087605063656,0.17515822820260868,0.21323496034078088,0.25115248220261654,-2759.7699187280373,-2658.9812202937596,-2561.540087601225,-2750.0845521635606,-2649.295853729283,-2551.8547210367483,"['num_meanings_human', 'num_synonyms_human']",True,True,False,1000,937,936
